{
  "769_-1": 445.15069580078125,
  "769_-10": 360.805908203125,
  "769_-2": 388.2837829589844,
  "769_-3": 372.1065368652344,
  "769_-4": 390.8543395996094,
  "769_-5": 374.4666442871094,
  "769_-6": 235.26577758789062,
  "769_-7": 340.7395324707031,
  "769_-8": 346.4642639160156,
  "769_-9": 315.0561218261719,
  "769_0": 451.33538818359375,
  "769_0 Am": 437.470947265625,
  "769_1": 238.0530242919922,
  "769_2": 366.4539794921875,
  "824_-1": 370.0915222167969,
  "824_-2": 393.086669921875,
  "824_-3": 454.51580810546875,
  "824_-4": 447.9952697753906,
  "824_-5": 433.86663818359375,
  "824_-6": 403.65496826171875,
  "824_-7": 388.03863525390625,
  "824_0": 372.2944030761719,
  "824_1": 392.71136474609375,
  "824_2": 424.15911865234375,
  "824_3": 437.89892578125,
  "824_4": 371.5486755371094,
  "824_5": 392.8719787597656,
  "824_6": 412.12310791015625,
  "824_7": 439.71429443359375,
  "824_8": 441.47698974609375
}